1,20260914,KNR,DOG,HND
1,20260914,SSS,JMF,JUP
1,20260914,RTR,PKT,COP
1,20260914,ETB,BLK,BSS
1,20260914,NQG,TTT,STN
1,20260914,DTP,TWC,GPA
1,20260914,DSV,CRA,ANC
1,20260914,ICB,PGN,8BT
1,20260914,KBZ,TBT,T4B
1,20260914,RMS,SCN,GPA
1,20260914,PBR,DIH,SHR
1,20260914,SSD,NLT,OLF
1,20260914,SRF,SHK,WAT
1,20260914,DRK,PYC,IBX
1,20260914,NMC,FBP,JUP
1,20260914,CPO,BAD,AAB
1,20260914,SWL,ADB,ADM
1,20260914,TRL,SKP,KRA
1,20260914,POW,ZOO,ZTE
2,20260921,TBT,KNR,GPA
2,20260921,DOG,SSS,SHR
2,20260921,JMF,RTR,OLF
2,20260921,PKT,ETB,TDN
2,20260921,BLK,NQG,HND
2,20260921,TTT,DTP,JUP
2,20260921,TWC,DSV,AAB
2,20260921,CRA,ICB,ADM
2,20260921,PGN,KBZ,KRA
2,20260921,SCN,POW,IBX
2,20260921,DIH,RMS,TLT
2,20260921,NLT,PBR,AAB
2,20260921,SHK,SSD,BSS
2,20260921,PYC,SRF,GRY
2,20260921,FBP,DRK,RSW
2,20260921,BAD,NMC,TWP
2,20260921,ADB,CPO,ANC
2,20260921,SKP,SWL,8BT
2,20260921,ZOO,TRL,T4B
3,20260928,KNR,PGN,8BT
3,20260928,SSS,TBT,T4B
3,20260928,RTR,DOG,HND
3,20260928,ETB,JMF,JUP
3,20260928,NQG,PKT,COP
3,20260928,DTP,BLK,BSS
3,20260928,DSV,TTT,STN
3,20260928,ICB,TWC,GPA
3,20260928,KBZ,CRA,ANC
3,20260928,TRL,SCN,GPA
3,20260928,POW,DIH,SHR
3,20260928,RMS,NLT,OLF
3,20260928,PBR,SHK,WAT
3,20260928,SSD,PYC,IBX
3,20260928,SRF,FBP,JUP
3,20260928,DRK,BAD,AAB
3,20260928,NMC,ADB,ADM
3,20260928,CPO,SKP,KRA
3,20260928,SWL,ZOO,ZTE
4,20261005,CRA,KNR,GPA
4,20261005,PGN,SSS,SHR
4,20261005,TBT,RTR,OLF
4,20261005,DOG,ETB,TDN
4,20261005,JMF,NQG,HND
4,20261005,PKT,DTP,JUP
4,20261005,BLK,DSV,AAB
4,20261005,TTT,ICB,ADM
4,20261005,TWC,KBZ,KRA
4,20261005,SCN,SWL,8BT
4,20261005,DIH,TRL,T4B
4,20261005,NLT,POW,IBX
4,20261005,SHK,RMS,TLT
4,20261005,PYC,PBR,AAB
4,20261005,FBP,SSD,BSS
4,20261005,BAD,SRF,GRY
4,20261005,ADB,DRK,RSW
4,20261005,SKP,NMC,TWP
4,20261005,ZOO,CPO,ANC
5,20261012,TWC,KNR,GPA
5,20261012,CRA,SSS,SHR
5,20261012,PGN,RTR,OLF
5,20261012,TBT,ETB,TDN
5,20261012,DOG,NQG,HND
5,20261012,JMF,DTP,JUP
5,20261012,PKT,DSV,AAB
5,20261012,BLK,ICB,ADM
5,20261012,TTT,KBZ,KRA
5,20261012,SCN,NMC,TWP
5,20261012,DIH,CPO,ANC
5,20261012,NLT,SWL,8BT
5,20261012,SHK,TRL,T4B
5,20261012,PYC,POW,IBX
5,20261012,FBP,RMS,TLT
5,20261012,BAD,PBR,AAB
5,20261012,ADB,SSD,BSS
5,20261012,SKP,SRF,GRY
5,20261012,ZOO,DRK,RSW
6,20261019,KNR,TTT,STN
6,20261019,SSS,TWC,GPA
6,20261019,RTR,CRA,ANC
6,20261019,ETB,PGN,8BT
6,20261019,NQG,TBT,T4B
6,20261019,DTP,DOG,HND
6,20261019,DSV,JMF,JUP
6,20261019,ICB,PKT,COP
6,20261019,KBZ,BLK,BSS
6,20261019,DRK,SCN,GPA
6,20261019,NMC,DIH,SHR
6,20261019,CPO,NLT,OLF
6,20261019,SWL,SHK,WAT
6,20261019,TRL,PYC,IBX
6,20261019,POW,FBP,JUP
6,20261019,RMS,BAD,AAB
6,20261019,PBR,ADB,ADM
6,20261019,SSD,SKP,KRA
6,20261019,SRF,ZOO,ZTE
7,20261026,BLK,KNR,GPA
7,20261026,TTT,SSS,SHR
7,20261026,TWC,RTR,OLF
7,20261026,CRA,ETB,TDN
7,20261026,PGN,NQG,HND
7,20261026,TBT,DTP,JUP
7,20261026,DOG,DSV,AAB
7,20261026,JMF,ICB,ADM
7,20261026,PKT,KBZ,KRA
7,20261026,SCN,SRF,GRY
7,20261026,DIH,DRK,RSW
7,20261026,NLT,NMC,TWP
7,20261026,SHK,CPO,ANC
7,20261026,PYC,SWL,8BT
7,20261026,FBP,TRL,T4B
7,20261026,BAD,POW,IBX
7,20261026,ADB,RMS,TLT
7,20261026,SKP,PBR,AAB
7,20261026,ZOO,SSD,BSS
8,20261102,KNR,PKT,COP
8,20261102,SSS,BLK,BSS
8,20261102,RTR,TTT,STN
8,20261102,ETB,TWC,GPA
8,20261102,NQG,CRA,ANC
8,20261102,DTP,PGN,8BT
8,20261102,DSV,TBT,T4B
8,20261102,ICB,DOG,HND
8,20261102,KBZ,JMF,JUP
8,20261102,SSD,SCN,GPA
8,20261102,SRF,DIH,SHR
8,20261102,DRK,NLT,OLF
8,20261102,NMC,SHK,WAT
8,20261102,CPO,PYC,IBX
8,20261102,SWL,FBP,JUP
8,20261102,TRL,BAD,AAB
8,20261102,POW,ADB,ADM
8,20261102,RMS,SKP,KRA
8,20261102,PBR,ZOO,ZTE
9,20261109,JMF,KNR,GPA
9,20261109,PKT,SSS,SHR
9,20261109,BLK,RTR,OLF
9,20261109,TTT,ETB,TDN
9,20261109,TWC,NQG,HND
9,20261109,CRA,DTP,JUP
9,20261109,PGN,DSV,AAB
9,20261109,TBT,ICB,ADM
9,20261109,DOG,KBZ,KRA
9,20261109,SCN,PBR,AAB
9,20261109,DIH,SSD,BSS
9,20261109,NLT,SRF,GRY
9,20261109,SHK,DRK,RSW
9,20261109,PYC,NMC,TWP
9,20261109,FBP,CPO,ANC
9,20261109,BAD,SWL,8BT
9,20261109,ADB,TRL,T4B
9,20261109,SKP,POW,IBX
9,20261109,ZOO,RMS,TLT
10,20261116,KNR,SKP,KRA
10,20261116,SSS,SCN,GPA
10,20261116,RTR,DIH,SHR
10,20261116,ETB,NLT,OLF
10,20261116,NQG,SHK,WAT
10,20261116,DTP,PYC,IBX
10,20261116,DSV,FBP,JUP
10,20261116,ICB,BAD,AAB
10,20261116,KBZ,ADB,ADM
10,20261116,CPO,TWC,GPA
10,20261116,SWL,CRA,ANC
10,20261116,TRL,PGN,8BT
10,20261116,POW,TBT,T4B
10,20261116,RMS,DOG,HND
10,20261116,PBR,JMF,JUP
10,20261116,SSD,PKT,COP
10,20261116,SRF,BLK,BSS
10,20261116,DRK,TTT,STN
10,20261116,NMC,ZOO,ZTE