Adam Livengood,NQG,P
Adam Smith,TBT,P
Alan Wiley,TWC,P
Alec Rodenhauser,SRF,P
Alex Hawley,DTP,P
Alex Singleterry,TBT,P
Alex Skinner,DTP,A
Alexa Philbeck,TWC,C
Alina Face,ZOO,P
Alisha Maligon,JMF,P
Altwin Hawksford,PGN,P
Amber Marie Simon,PBR,P
Amber Roy,BAD,P
Amy Frame,TRL,P
Andrew Cole WA,RTR,P
Andrew Furdell,PKT,P
Andrew Meuser,NMC,P
Andrew Stauffer,SSS,P
Andy Bernard,TBT,P
Andy Yarritu,RTR,P
Andyroo Callan,DRK,P
Angie Parker,TRL,P
Ariel Bedolla,CPO,P
Arlen Simon,SSD,P
Armand Go,CRA,P
Ashley Weaver,SWL,P
Astri Niederkorn,PYC,P
Audrey Fleck,DSV,P
Bear Logan,DRK,P
Ben Simmons,PBR,P
Benny Phanichkul,TRL,P
Bill Nary,ETB,P
Billy Conwell,ICB,A
Bird Arzoumanian,DRK,A
Blake Butler,TTT,P
Bob Lyman,ADB,P
Bobby Boden,PYC,P
Brad Hayden,SSS,P
Brandon Lorenz,TRL,P
Brandon Pietenpol,NQG,P
Bre Lloyd,JMF,P
Breanna Felix,SWL,P
Brendan Campbell,DOG,P
Brendan Niebruegge,POW,P
Brett Wolfe,NLT,P
Brian Baskoff,NMC,P
Brian Chesbrough,SSS,A
Brian Kirk WA,RTR,P
Brian O'Neill WA,RTR,P
Brian Reinhard,FBP,P
Brooke Albright,DRK,P
Brooke Borcherding,RTR,P
Bryan Eastman,TWC,A
Bubbles Shaiman,KNR,P
Bud Lipke,PGN,P
Campbell Hancock,TBT,C
Canyon Mosely,ETB,P
Casey Benton,PBR,A
Cassandra Dymock,NMC,P
Cat Alexander,DOG,P
Cedar Russell,JMF,P
Chandler Lattin,PYC,P
Chase Martin,POW,P
Chaynee Young,BAD,P
Chaz Simmons,DOG,P
Chelsea Rakonza,RTR,P
Chelsie Hulka,BAD,P
Chloe Bolton,SRF,P
Chloe LeGrow,BAD,C
Chris Borgstadt,ADB,A
Chris Chinn,SWL,P
Chris Mullen,POW,P
Chris Tinney,CRA,A
Chris Vela,PKT,P
Clare Green,KBZ,C
Clay Shelton,FBP,A
Clinton Peterson,SWL,P
Colin Curfman,NLT,P
Colin O'Keefe,PYC,P
Colvin Fields,TTT,P
Connor Vermeys,CRA,P
Corbin Sheffels,SCN,C
Cory Lampe,NLT,P
Craig Gary,SSD,P
Craig R Jones,CRA,P
Curtis Granger,SHK,P
D'juan Brown,ZOO,P
Dakota Green,FBP,P
Dakota Warden,FBP,C
Dan Crakes,SCN,P
Dan Doherty,TBT,P
Dana Lockwood,ADB,P
Daniel Belarmino,BLK,P
Daniel Mays,KBZ,A
Daniela Guerrero,DSV,P
Danielle Crowson,SCN,P
Danielle Wilcox,NQG,P
Danny Fair,KNR,P
Dave Stewart,DSV,P
David Chernicoff,TBT,A
David Latimer,PYC,P
David Weil WA,SRF,P
Demarus Tevuk,SSD,P
Denton Dickson,ADB,P
Dillon Heath,RMS,P
Dina Robinson,TBT,P
Donald Warren,CPO,P
Donna Hucklebee,DRK,C
Donna Ruacho,ZOO,A
Douglas Hansen,DSV,P
Drew Hopper,KBZ,P
Dwayne Collins,DTP,C
Elena Wright,PKT,P
Elliott Johnson,DOG,P
Elyssa Cichy,SRF,P
Emi Bee,DRK,P
Emily Beirne,RTR,P
Emily Henshaw,PGN,P
Emily Hunter WA,NMC,P
Emily Young,PKT,A
Emma Frost,DSV,A
Eric Chambers,RMS,A
Erick Spaan,SKP,P
Erik Gust,TWC,P
Erin Malysa,TWC,P
Eva Ngo,ETB,P
Evan Adkins,CPO,P
Evan Eckles,NLT,A
Evan Matt,NLT,P
Evan O'Brien,SSD,P
Forrest McIntyre,TRL,A
Gage Glupker,KBZ,P
Genevieve Forrester,DRK,P
Glenden Hoyt,DOG,C
Graham Klym,SSS,P
Greg Levine,DOG,P
Guadalupe Bryan,BAD,P
Gus Voss,DIH,C
Hayden Higgins,ZOO,P
Hayden McCabe,PBR,P
Heather Loudon,SSS,C
Honi Harrison,SSD,P
Hunter Vogt,PYC,C
Ian Lucas,JMF,P
Isaac Kaplan-Woolner,RTR,A
Isabelle Grams,BLK,P
Jackilyn Hoxworth,FBP,P
Jackson McComish,ADB,P
Jacque Simmons,DIH,P
Jake Hei,PBR,P
Jake Selby,KNR,P
James Frost-Winn,SSD,A
James Furdell,PKT,P
James Hasbrouck,FBP,P
James Thomas WA,SCN,P
James vanRosmalen,ICB,P
Jamie Matthew,ZOO,P
Jamie O'Hara,SRF,P
Jandy Stephens,RMS,P
Janelle Oakley,SHK,P
Jaran Jones,BLK,C
Jared Bayliss,NQG,C
Jared Gamble,TBT,P
Jaron Sheffield,BLK,P
Jarrett Gaddy,PYC,A
Jason Boekeloo,RTR,P
Jason Heitt,NLT,P
Jay Ostby,CRA,P
Jay Sweeney,DIH,P
Jeff Dicker,JMF,P
Jeff Dillaman,NLT,C
Jennell Baldwin,NMC,P
Jenny Pickens,BAD,P
Jenny Vidovic,SKP,A
Jeremy Collison,TRL,P
Jeremy Edwards,ICB,P
Jerry Duncan,TRL,P
Jesse Fallahi,SSD,P
Jesse Labbe,SCN,P
Jessica Rakonza,KNR,P
Jessica Savieo,ICB,P
Jessie Ruiz,PGN,P
Jette Chhoun,SSS,P
Jimmie Eiseman,JMF,A
Joe Ricci,NMC,P
Joel Friedrick,SWL,P
John Garnett,SWL,A
John McConnell,ETB,C
Jon Erickson WA,NQG,P
Jon Jow,SWL,P
Jon S Bell,RMS,P
Jon Shaiman,KNR,A
Jon-Kiefer Bowne,KBZ,P
Jonathan Allen,PGN,P
Jordan Shankle,DSV,P
Jordon Budke,ZOO,P
Joseph Baca,JMF,P
Joseph Salender,TBT,P
Josh Neuens,TRL,P
Josh Samson,SRF,A
Josh Teodoro,KNR,P
Joshua Chandler,ICB,P
Joshua Francis,CRA,C
Justin Ari,CRA,P
Kali Banks,KBZ,P
Kat Martinez,SHK,P
Kathleen Rush,BLK,P
Katie Eichenberger,SWL,P
Katie Viray,DOG,P
Katja Rodgers,DOG,A
Keith Spencer WA,KBZ,P
Kellan Kirkland,TWC,P
Kelli Goins,NQG,P
Kelsie Sherman Hall,PKT,P
Ken Disbennett,CRA,P
Kevin Coffey,DTP,P
Kevin Coulton,TTT,C
Kevin Deschenes,RMS,P
Kevin Kelly,ETB,P
Kevin Rayo,ETB,P
Kieonna Ford,ZOO,C
Kiki V,DSV,P
Kourtne Kaoss,DIH,P
Kristin Johnson,SCN,P
Kristin Vick,DTP,P
Kyle Hayden,TTT,P
Landon Cross,PBR,P
Landon Martin WA,ICB,P
Lauren Aiello,SSD,C
Lee Ford,KNR,P
Lefty Sitaras,CPO,P
Leslie Ruckman,BAD,P
Liberty Ruderman,CPO,C
Liz Brotman,PBR,P
Lonnie Langford,PKT,C
Lucas Haines,BLK,P
Lucy Hoffman,DIH,P
Luke Camarda,TWC,P
MJ Moscola,CRA,P
MK Walker,POW,A
Mack Rote,KNR,P
Madison Masterson,DIH,A
Mae Collin,FBP,P
Mandie Moore,PKT,P
Marisa Figueroa,ICB,P
Mark Cohan,SRF,P
Mark McClure,TRL,C
Mark Vero,SRF,P
Marlene Lewis,ZOO,P
Marshall Denton,TWC,P
Martin Rivero,TTT,P
Mason Dunbar,PYC,P
Matt Anderson WA,SWL,C
Matt Galbraith,DRK,P
Matt Golden,PBR,P
Matt Grunewald,RMS,P
Matt Korsmoe,PGN,P
Matt Ramey,POW,P
Matt Slater,SSS,P
Matthew Dane Anderson,JMF,P
Matthew Greene,SRF,C
Matthew Harjo,POW,C
Matthew Levi Tate,DIH,P
Matthew Sherwood,DTP,P
Mattie Stephens,SHK,P
Maureen Hendrix,RTR,C
Max Stewart,DSV,P
Melanie Howard,ICB,P
Melanie Meyer WA,FBP,P
Michael Adcock,SCN,P
Michael Fricke,NQG,P
Michael Gray,NQG,A
Michael Miller,CPO,A
Michael Rausch,BLK,P
Michael Tomber,ADB,C
Michael Ulmen,PBR,C
Michael Zuino,RMS,C
Michelle Loprieno,RMS,P
Mickey Nussbaumer,PBR,P
Mike Murphy WA,DTP,P
Mikey Wilson,TTT,P
Misha Alexeeff,SKP,P
Mitchell D. Anderson,ETB,P
Mohamed Sawani,ADB,P
Morgan Verburg,SKP,P
Nadine Scarlett,DRK,P
Nate Cantor,JMF,C
Nate Sloat,NLT,P
Nate Tompkins,CRA,P
Nausicaa Warner,BAD,P
Nav Murthy,SKP,P
Neil Chakravarty,SHK,P
Nell Rose,SHK,P
Nestor Rocha,POW,P
Nic Cope,TTT,A
Nic Crowson,SCN,P
Nick Filer,PKT,P
Nick Lindsay,POW,P
Nick Taseris,DTP,P
Nix Brown,SHK,P
Noah Luskey,ZOO,P
Noah Phipps,SRF,P
Noah Rubin,DRK,P
Nolan Collier,PYC,P
Olivia Orni,SCN,A
Owen Weyland,CPO,P
Paul White WA,SKP,C
Peyton Conrad,PGN,C
Philip Pinette,TTT,P
Puppytooth Palmer,ZOO,P
Quinn Thomas,ICB,C
Randall Olson,PKT,P
Rebekah Macneil,KBZ,P
Ren Logan,BAD,A
Rhett Pearson,CPO,P
Rick Weber,TTT,P
Rinalldo Robinson,KBZ,P
Rob Homan WA,TRL,P
Robbie Finnigan,PYC,P
Robert Bissell,CPO,P
Robyn Houseworth,ICB,P
Rolo Carey,NQG,P
Ryan Loftus,DTP,P
Ryan Malone,RMS,P
Ryan McMillan,TBT,P
Ryan Moseley,PGN,P
Ryan Slanicka,SSS,P
Ryan Tamm,DIH,P
Ryan Tupper,PGN,P
Ryan Winslow,SHK,P
Sam Kunesh,SCN,P
Sam Stiles,JMF,P
Sammi Snyder,SKP,P
Sandy Magallanes,CPO,P
Sarah Munden,BAD,P
Sarah Warden,DSV,P
Scott Helgason,ADB,P
Scott Kelly,RMS,P
Scott Lee WA,ADB,P
Sean Bray,NMC,A
Sean Gallagher,SSD,P
Shaun Crumb,ETB,A
Shawnna Kenney,SKP,P
Skye Fleming,BLK,P
Sookie Sookram,PGN,A
Spencer Anderson,SSD,P
Steph Hanlon,BLK,A
Stephen Frontis,ETB,P
Stephen Rakonza,KNR,C
Sterling Butterfield,DOG,P
Steve Geluso,BLK,P
Steve Hedback,NLT,P
Thomas Homan,ADB,P
Tim Collins,SWL,P
Tim Uomoto,NMC,C
Tino Stivaros,SKP,P
Todd Brown,NMC,P
Tom Baisden,DTP,P
Tom Walsh WA,SSS,P
Tommy Schessler,KNR,P
Tony Ryder,SHK,A
Travis Maisch,TWC,P
Trevor Leonard,KBZ,P
Tristan Ward,NLT,P
Val Gaifoulline,POW,P
Vincent Sperrazza,SSS,P
Vinnie Iannucci,SKP,P
Wardell Baldwin III,NMC,P
Will Kirkland,TWC,P
Xander Jackson,FBP,P
Zac Petersen,DSV,C
Zachary Peeples,DOG,P
Zachary Turner,SHK,C
