ADB,ADM,Admiraballs
BAD,AAB,Bad Cats
BLK,BSS,Ballard Locks
CPO,ANC,Pants Optional
CRA,ANC,Castle Crashers
DIH,SHR,Drain in Hell
DOG,HND,The Stray Dogs
DRK,RSW,Drunken Dumplings
DSV,AAB,Death Savers
DTP,JUP,DTP
ETB,TDN,Eighteen Ball Deluxe
FBP,JUP,Flippin Big Points
ICB,ADM,Incrediballs
JMF,JUP,Middle Flippers
KBZ,KRA,Kraken Ball Z
KNR,GPA,Knight Riders
NLT,OLF,Northern Lights
NMC,TWP,Neuromancers
NQG,HND,No Quarters Given
PBR,AAB,Point Breakers
PGN,8BT,Pinguins
PKT,COP,Pocketeers
POW,IBX,The Power
PYC,IBX,Pinballycule
RMS,TLT,Magic Saves
RTR,OLF,Ramp Tramps
SCN,GPA,Seacorns
SHK,WAT,Sharks
SKP,KRA,Slap Kraken Pop
SRF,GRY,Surf Champs
SSD,BSS,Salty Sea Dogs
SSS,SHR,Silverball Slayers
SWL,8BT,Specials When Lit
TBT,T4B,The B Team
TRL,T4B,Trolls!
TTT,STN,The Trailer Trashers
TWC,GPA,The Wrecking Crew
ZOO,ZTE,Zoo Crew